TMS,11000009,R180 EE A NEW SOFTWARE PACK,R180   
TMS,11000010,R180 EE B NEW SOFTWARE PACK,R180   
TMS,11000011,R180 EE C NEW SOFTWARE PACK,R180   
TMS,10000004,R180 V1.6 A NEW CONTENT,R180       
TMS,10000005,R180 V1.6 B NEW CONTENT,R180       
TMS,10000006,R180 V1.6 C NEW CONTENT,R180       
TMS,700001,Read 180 Stage A,R180              
TMS,700017,Read 180 Stage B,R180         
TMS,700018,Read 180 Stage C,R180              
TMS,700019,ReadAbout,RA                     
TMS,10005069,FastMath,FM
TMS,10000016,SRI,SRI
TMS,10000015,Reading Counts,SRC