1,TEACHER BY GRADE
2,ADMINISTRATION/SUPPORT SERVICES
3,ARTS AND MUSIC
4,AT-RISK
5,BUSINESS EDUCATION
6,"COACHES, PHYS ED & HEALTH"
7,TECHNOLOGY
8,OTHER CURRICULUM/INSTRUCTION
9,ENGLISH & READING
10,FAMILY/CONSUMER SCIENCE
11,FOREIGN/WORLD LANGUAGES
12,GUIDANCE/STUDENT SERVICES
13,LIBRARIAN/MEDIA SPECIALISTS
14,MATHEMATICS
15,VOCATIONAL/TECHNICAL
16,SCIENCE
17,SOCIAL STUDIES
18,SPECIAL NEEDS/GIFTED AND TALENTED
19,NUCLEAR FAMILY
20,EXTENDED FAMILY
21,HOME TEACHER IN SCHOOL
23,COLLEGE ALUMNI ADMINISTRATION
25,COLLEGE DEPARTMENT CHAIRS
26,COLLEGE GENERAL ADMINISTRATION
27,COLLEGE GRADUATE ADMISSIONS
28,COLLEGE LIBRARY/TECHNOLOGY
29,COLLEGE OFFICERS
30,COLLEGE SPECIAL PROGRAMS
31,COLLEGE STUDENT SERVICES
32,DISTRICT BUSINESS/VOCATIONAL ED
33,DISTRICT CURRICULUM COORDINATOR
34,DISTRICT CURRICULUM SPECIALIST
35,DISTRICT GENERAL ADMINISTRATION
36,DISTRICT GUIDANCE/COUNSELING
37,DISTRICT OUTREACH SERVICES
38,DISTRICT SPECIAL EDUCATION
39,DISTRICT SPECIAL FUNDING
40,DISTRICT STUDENT SERVICES
41,DISTRICT TECH & MEDIA
42,LIBRARY PERSONNEL
43,BCOE RELATED
44,DISTRICT BASIC CURRICULUM
45,COLLEGE STUDENT ADMINISTRATION
46,EARLY CHILD CARE CENTERS
47,OTHER
48,SEED
49,ED GROUP MAGAZINES RELATED
